{
  "precision": 0.9775280898876404,
  "recall": 0.8877551020408163,
  "f1": 0.93048128342246,
  "roc_auc": 0.9755765306122448,
  "pr_auc": 0.9368340623531647,
  "git_commit": "unknown",
  "data_version": "ci_sample_v1",
  "seed": 42,
  "model_type": "rf"
}